<?xml version="1.0" encoding="ISO-8859-1"?>
<pais>
	   <nome> Brasil </nome>
	   <idioma> portugues </idioma>
	   <religiao> catolica </religiao>
	   <moeda> Real (R$) </moeda>
	   <populacao> 190 milhoes </populacao>
	   <geografia>
		      <clima> tropical </clima>
		      <costa> 7367 km </costa>
		      <pico> Neblina (3014 m) </pico>
	   </geografia>
	   <estados>
		      <nome> Rio Grande do Sul </nome>
		      <nome> Sao Paulo </nome >
		      <nome> Minas Gerais </nome>
		      <nome> Rio de Janeiro </nome>
		      <nome> Parana </nome>
		      <nome> Mato Grosso </nome>
	   </estados>
</pais>
